,class,MTH,FLD,RFC,INT,SZ,CPX,EX,RET,BCM,NML,WRD,DCM
0,com.google.javascript.jscomp.PeepholeSimplifyRegExp,1,0,30,0,18,4,0,2,2,15.0,104,5.777777777777778
1,com.google.javascript.jscomp.MinimizeExitPoints,6,1,95,1,49,14,0,4,6,13.833333333333334,416,3.7142857142857144
2,com.google.javascript.jscomp.RenameLabels,10,9,58,1,15,3,0,1,9,10.2,428,9.511111111111111
3,com.google.javascript.jscomp.JsMessageExtractor,4,4,20,0,12,3,1,1,6,14.25,241,14.176470588235293
4,com.google.javascript.jscomp.Tracer,49,31,207,0,54,16,0,3,72,13.714285714285714,2135,8.54
5,com.google.javascript.jscomp.VerboseMessageFormatter,3,0,13,0,4,1,0,1,2,10.0,108,18.0
6,com.google.javascript.jscomp.DiagnosticType,9,5,16,2,1,0,0,1,12,6.777777777777778,243,27.0
7,com.google.javascript.jscomp.StrictModeCheck,12,13,107,1,20,7,0,3,12,11.75,220,2.1359223300970873
8,com.google.javascript.jscomp.JSModule,26,6,88,2,8,3,1,2,29,11.884615384615385,434,5.945205479452055
9,com.google.javascript.jscomp.JsMessageDefinition,3,3,3,0,1,0,0,1,3,16.333333333333332,213,71.0
10,com.google.javascript.jscomp.LiveVariablesAnalysis,16,5,104,0,54,11,0,8,6,12.5,364,3.872340425531915
11,com.google.javascript.jscomp.StatementFusion,6,0,53,0,16,4,0,7,2,23.833333333333332,161,3.425531914893617
12,com.google.javascript.jscomp.VariableVisibilityAnalysis,3,2,20,1,19,5,0,1,10,15.666666666666666,326,14.818181818181818
13,com.google.javascript.jscomp.FunctionRewriter,25,17,115,1,19,6,0,5,23,12.88,575,4.75206611570248
14,com.google.javascript.jscomp.CheckUnreachableCode,6,3,25,1,9,3,0,3,2,8.666666666666666,104,5.473684210526316
15,com.google.javascript.jscomp.DataFlowAnalysis,32,9,185,0,29,9,0,2,23,9.46875,1164,8.818181818181818
16,com.google.javascript.jscomp.RemoveUnusedVars,27,24,303,2,61,16,0,4,33,18.296296296296298,1001,2.997005988023952
17,com.google.javascript.jscomp.CollapseVariableDeclarations,6,7,69,1,23,7,0,3,10,12.333333333333334,313,4.742424242424242
18,com.google.javascript.jscomp.RemoveTryCatch,2,2,24,1,31,7,0,2,3,6.0,123,3.84375
19,com.google.javascript.jscomp.DiagnosticGroups,7,35,16,0,2,0,0,1,5,14.714285714285714,127,11.545454545454545
20,com.google.javascript.jscomp.ObjectPropertyStringPreprocess,3,6,52,1,27,6,0,6,2,10.666666666666666,139,4.088235294117647
21,com.google.javascript.jscomp.CheckSideEffects,7,7,60,1,24,8,0,4,4,9.142857142857142,167,3.2745098039215685
22,com.google.javascript.jscomp.FindExportableNodes,5,6,28,0,24,6,0,1,4,9.8,176,6.285714285714286
23,com.google.javascript.jscomp.PeepholeOptimizationsPass,15,8,48,1,13,4,0,2,4,9.4,147,2.161764705882353
24,com.google.javascript.jscomp.JvmMetrics,10,4,146,0,30,8,0,4,2,18.3,120,0.8888888888888888
25,com.google.javascript.jscomp.ByPathWarningsGuard,4,5,6,0,9,3,0,2,5,8.25,269,22.416666666666668
26,com.google.javascript.jscomp.DefaultPassConfig,154,121,573,0,170,51,0,3,128,8.194805194805195,1099,1.6114369501466275
27,com.google.javascript.jscomp.FunctionNames,8,13,26,2,13,3,0,2,2,12.0,167,5.566666666666666
28,com.google.javascript.jscomp.AbstractCommandLineRunner,101,69,514,0,68,19,2,9,95,18.08910891089109,2057,2.806275579809004
29,com.google.javascript.jscomp.ClosureCodeRemoval,4,11,40,1,22,6,0,0,16,5.75,321,7.642857142857143
30,com.google.javascript.jscomp.OptimizeReturns,6,1,56,2,22,7,0,6,5,9.833333333333334,220,4.150943396226415
31,com.google.javascript.jscomp.CheckRegExp,3,4,21,1,14,4,0,1,2,13.333333333333334,122,7.625
32,com.google.javascript.jscomp.ControlFlowAnalysis,43,13,399,2,54,14,0,19,29,13.348837209302326,1114,2.791979949874687
33,com.google.javascript.jscomp.NameReferenceGraphReport,9,1,114,0,35,6,0,4,12,18.11111111111111,539,6.056179775280899
34,com.google.javascript.jscomp.AnalyzePrototypeProperties,44,34,242,1,56,21,0,5,32,13.136363636363637,658,3.323232323232323
35,com.google.javascript.jscomp.PeepholeFoldConstants,35,8,481,0,97,26,0,39,22,17.457142857142856,474,0.713855421686747
36,com.google.javascript.jscomp.AbstractCompiler,54,2,54,1,1,0,0,1,53,16.90740740740741,973,194.6
37,com.google.javascript.jscomp.UseSite,2,3,3,0,1,0,0,1,2,7.0,121,60.5
38,com.google.javascript.jscomp.RescopeGlobalSymbols,8,6,97,1,23,7,0,6,6,10.5,411,5.074074074074074
39,com.google.javascript.jscomp.XtbMessageBundle,16,11,55,1,15,3,2,1,5,14.0,187,4.560975609756097
40,com.google.javascript.jscomp.CoalesceVariableNames,15,10,166,2,40,14,0,4,6,11.8,266,1.8472222222222223
41,com.google.javascript.jscomp.NameGenerator,4,7,19,0,16,4,0,2,8,13.0,244,6.256410256410256
42,com.google.javascript.jscomp.CheckPathsBetweenNodes,8,11,47,0,22,7,0,4,8,18.5,313,4.536231884057971
43,com.google.javascript.jscomp.MethodCompilerPass,11,5,89,1,24,4,0,1,12,12.454545454545455,272,4.0
44,com.google.javascript.jscomp.EmptyMessageBundle,3,0,4,1,1,0,0,1,5,11.666666666666666,127,42.333333333333336
45,com.google.javascript.jscomp.AnalyzeNameReferences,7,5,27,1,15,4,0,3,5,12.0,215,6.142857142857143
46,com.google.javascript.jscomp.RemoveUnusedClassProperties,5,4,54,2,16,4,0,3,3,11.6,154,3.347826086956522
47,com.google.javascript.jscomp.VarCheck,7,11,82,1,44,12,0,4,6,15.285714285714286,182,2.275
48,com.google.javascript.jscomp.CompilerInput,30,11,109,2,15,5,1,2,16,11.733333333333333,366,4.305882352941176
49,com.google.javascript.jscomp.ConvertToDottedProperties,2,1,18,1,13,2,0,0,2,6.0,117,8.357142857142858
50,com.google.javascript.jscomp.FieldCleanupPass,5,3,26,1,9,3,0,1,4,10.2,356,23.733333333333334
51,com.google.javascript.jscomp.DiagnosticGroup,6,4,13,1,6,2,0,2,12,7.833333333333333,219,15.642857142857142
52,com.google.javascript.jscomp.SymbolTable,96,28,572,1,39,12,0,9,53,14.96875,1548,3.1272727272727274
53,com.google.javascript.jscomp.PrepareAst,10,2,69,1,14,4,0,1,8,17.2,282,4.476190476190476
54,com.google.javascript.jscomp.ControlStructureCheck,4,2,17,1,9,2,0,0,3,7.75,112,9.333333333333334
55,com.google.javascript.jscomp.ClosureRewriteClass,16,16,183,1,39,10,0,6,5,16.25,148,1.1297709923664123
56,com.google.javascript.jscomp.ReplaceMessagesForChrome,4,0,42,0,18,5,1,2,2,19.25,145,4.67741935483871
57,com.google.javascript.jscomp.ProcessDefines,18,23,129,1,41,11,0,2,22,15.38888888888889,569,4.552
58,com.google.javascript.jscomp.PreprocessorSymbolTable,9,3,22,2,5,1,0,1,3,11.222222222222221,117,9.0
59,com.google.javascript.jscomp.MarkNoSideEffectCalls,5,5,44,1,26,9,0,3,6,15.4,195,3.9
60,com.google.javascript.jscomp.PrintStreamErrorManager,3,3,16,0,7,2,0,0,4,13.333333333333334,178,19.77777777777778
61,com.google.javascript.jscomp.CodePrinter,39,25,126,0,20,4,0,6,28,12.974358974358974,682,3.6470588235294117
62,com.google.javascript.jscomp.TypeCheck,39,50,692,2,182,20,0,6,33,15.794871794871796,1150,1.84
63,com.google.javascript.jscomp.PeepholeFoldWithTypes,2,0,23,0,30,9,0,2,3,14.0,237,7.181818181818182
64,com.google.javascript.jscomp.PassConfig,23,15,59,0,18,5,0,1,22,16.869565217391305,427,8.714285714285714
65,com.google.javascript.jscomp.AbstractPeepholeOptimization,13,1,35,0,10,3,0,1,16,17.076923076923077,428,17.833333333333332
66,com.google.javascript.jscomp.RenamePrototypes,15,14,120,1,32,8,0,5,16,15.8,563,4.265151515151516
67,com.google.javascript.jscomp.RhinoErrorReporter,13,8,33,0,6,2,0,2,3,9.384615384615385,147,5.444444444444445
68,com.google.javascript.jscomp.NameReferenceGraph,33,17,71,1,13,4,0,3,11,12.878787878787879,475,6.884057971014493
69,com.google.javascript.jscomp.UnreachableCodeElimination,8,4,68,2,25,6,0,5,4,14.0,383,5.319444444444445
70,com.google.javascript.jscomp.ReplaceCssNames,4,10,65,1,31,8,0,3,3,11.5,332,5.533333333333333
71,com.google.javascript.jscomp.ObjectPropertyStringPostprocess,2,1,27,1,20,4,0,2,2,6.0,144,6.857142857142857
72,com.google.javascript.jscomp.DefinitionSite,0,5,0,0,0,0,0,0,2,0.0,116,0.0
73,com.google.javascript.jscomp.GroupVariableDeclarations,6,1,45,2,32,8,0,2,3,10.5,332,7.377777777777778
74,com.google.javascript.jscomp.Strings,3,0,14,0,7,2,0,3,5,22.333333333333332,533,38.07142857142857
75,com.google.javascript.jscomp.CheckRequiresForConstructors,9,7,78,1,31,6,0,3,4,12.333333333333334,164,2.523076923076923
76,com.google.javascript.jscomp.MemoizedScopeCreator,7,2,25,2,7,2,0,1,4,14.857142857142858,187,9.35
77,com.google.javascript.jscomp.GatherRawExports,4,3,19,1,11,4,0,3,2,13.5,117,6.157894736842105
78,com.google.javascript.jscomp.ExpressionDecomposer,26,8,238,0,33,10,0,4,28,19.0,1066,4.9581395348837205
79,com.google.javascript.jscomp.JSModuleGraph,18,6,129,0,39,12,2,3,21,17.0,799,6.007518796992481
80,com.google.javascript.jscomp.InlineFunctions,74,31,365,1,34,11,0,4,34,15.27027027027027,641,1.8964497041420119
81,com.google.javascript.jscomp.ShadowVariables,7,7,71,1,26,9,0,4,4,8.285714285714286,207,2.524390243902439
82,com.google.javascript.jscomp.GlobalNamespace,69,39,265,2,83,15,0,8,43,13.115942028985508,1523,3.7146341463414636
83,com.google.javascript.jscomp.ClosureOptimizePrimitives,4,2,36,1,17,4,0,3,7,14.75,172,4.914285714285715
84,com.google.javascript.jscomp.FunctionTypeBuilder,48,38,258,0,45,14,0,5,28,17.4375,764,2.3875
85,com.google.javascript.jscomp.DotFormatter,12,8,100,0,26,5,1,2,9,9.5,331,3.7613636363636362
86,com.google.javascript.jscomp.CrossModuleCodeMotion,11,11,120,1,29,8,0,10,14,13.727272727272727,342,2.6106870229007635
87,com.google.javascript.jscomp.JSSourceFile,10,2,20,1,1,0,1,1,2,10.6,128,12.8
88,com.google.javascript.jscomp.ComposeWarningsGuard,9,8,35,0,12,4,0,3,4,9.666666666666666,188,3.418181818181818
89,com.google.javascript.jscomp.VariableReferenceCheck,4,6,47,1,47,16,0,0,4,10.5,205,3.9423076923076925
90,com.google.javascript.jscomp.ReplaceMessages,8,3,106,0,20,6,1,4,8,19.0,524,5.758241758241758
91,com.google.javascript.jscomp.CleanupPasses,9,5,25,0,10,4,0,1,3,11.444444444444445,148,7.4
92,com.google.javascript.jscomp.InlineVariables,26,8,267,1,35,10,0,7,26,17.46153846153846,602,2.6995515695067263
93,com.google.javascript.jscomp.ProcessCommonJSModules,13,12,123,1,14,4,0,1,12,14.23076923076923,304,4.108108108108108
94,com.google.javascript.jscomp.SanityCheck,5,4,34,1,12,3,0,2,5,17.0,183,6.1
95,com.google.javascript.jscomp.SuppressDocWarningsGuard,2,2,12,0,25,10,0,2,4,8.0,123,4.730769230769231
96,com.google.javascript.jscomp.PeepholeSubstituteAlternateSyntax,50,10,680,0,94,20,0,19,42,19.24,1122,1.6524300441826214
97,com.google.javascript.jscomp.AstChangeProxy,7,1,30,0,19,4,0,1,10,13.285714285714286,166,6.148148148148148
98,com.google.javascript.jscomp.DiagnosticGroupWarningsGuard,4,3,10,0,8,3,0,2,2,7.0,105,9.545454545454545
99,com.google.javascript.jscomp.JqueryCodingConvention,3,3,12,0,2,0,0,1,2,17.666666666666668,100,20.0
100,com.google.javascript.jscomp.InferJSDocInfo,5,2,60,1,39,12,0,4,10,15.8,284,4.303030303030303
101,com.google.javascript.jscomp.SpecializeModule,28,14,143,1,16,4,0,5,33,21.607142857142858,1562,11.656716417910447
102,com.google.javascript.jscomp.SideEffectsAnalysis,44,21,141,1,20,6,0,9,45,15.590909090909092,1602,9.709090909090909
103,com.google.javascript.jscomp.AmbiguateProperties,28,23,185,1,30,8,0,3,28,12.25,637,3.6193181818181817
104,com.google.javascript.jscomp.SourceFile,46,15,108,2,29,7,1,5,23,11.76086956521739,565,4.52
105,com.google.javascript.jscomp.LineNumberCheck,4,3,12,2,8,3,0,1,2,10.25,118,7.375
106,com.google.javascript.jscomp.OptimizeCalls,3,2,7,1,6,2,0,1,2,7.0,128,16.0
107,com.google.javascript.jscomp.CrossModuleMethodMotion,4,10,54,1,33,10,0,1,7,10.25,180,4.615384615384615
108,com.google.javascript.jscomp.Compiler,172,67,903,0,71,18,1,6,104,14.029069767441861,1723,1.8707926167209554
109,com.google.javascript.jscomp.NodeNameExtractor,1,2,28,0,24,4,0,11,3,7.0,193,8.041666666666666
110,com.google.javascript.jscomp.TypedCodeGenerator,5,0,109,0,55,15,0,6,7,16.4,375,3.826530612244898
111,com.google.javascript.jscomp.TypeInferencePass,8,6,28,1,5,0,0,1,5,8.875,147,10.5
112,com.google.javascript.jscomp.SyntheticAst,5,4,8,1,3,0,0,1,2,10.8,105,15.0
113,com.google.javascript.jscomp.CombinedCompilerPass,12,5,30,2,6,2,0,1,9,12.583333333333334,380,10.555555555555555
114,com.google.javascript.jscomp.RuntimeTypeCheck,16,4,147,1,21,5,0,5,8,13.5,435,3.9545454545454546
115,com.google.javascript.jscomp.VariableMap,14,3,62,0,11,3,1,2,14,11.571428571428571,252,4.344827586206897
116,com.google.javascript.jscomp.MustBeReachingVariableDef,16,7,135,0,53,13,0,8,9,12.5,408,2.7567567567567566
117,com.google.javascript.jscomp.StripCode,20,8,149,1,27,6,0,5,22,25.05,1042,6.72258064516129
118,com.google.javascript.jscomp.TransformAMDToCJSModule,11,8,124,1,36,9,0,6,11,15.363636363636363,260,2.5742574257425743
119,com.google.javascript.jscomp.PeepholeCollectPropertyAssignments,9,0,105,0,29,9,0,7,2,17.555555555555557,135,1.0227272727272727
120,com.google.javascript.jscomp.CheckProvides,5,7,35,1,15,5,0,0,2,11.4,100,2.5641025641025643
121,com.google.javascript.jscomp.ScopedAliases,21,24,168,1,40,14,0,2,5,12.904761904761905,174,1.1153846153846154
122,com.google.javascript.jscomp.JsMessage,44,22,100,0,70,4,0,3,39,8.977272727272727,971,4.783251231527093
123,com.google.javascript.jscomp.ConcreteType,79,21,276,1,22,5,0,6,70,11.746835443037975,1222,5.3130434782608695
124,com.google.javascript.jscomp.GatherSideEffectSubexpressionsCallback,16,5,108,1,25,7,0,7,16,22.5625,466,5.065217391304348
125,com.google.javascript.jscomp.NodeIterators,12,5,62,0,32,10,0,5,12,8.416666666666666,322,4.735294117647059
126,com.google.javascript.jscomp.PureFunctionIdentifier,44,24,332,1,50,15,0,7,38,15.227272727272727,744,1.7927710843373494
127,com.google.javascript.jscomp.CallGraph,39,19,156,1,23,7,0,3,44,18.512820512820515,1470,6.681818181818182
128,com.google.javascript.jscomp.LoggerErrorManager,2,2,18,0,7,2,0,0,4,9.5,137,10.538461538461538
129,com.google.javascript.jscomp.CheckAccessControls,24,20,253,2,37,13,0,5,20,19.041666666666668,580,2.5
130,com.google.javascript.jscomp.NameAnalyzer,63,37,571,1,63,14,0,9,89,14.238095238095237,2126,3.3961661341853033
131,com.google.javascript.jscomp.PerformanceTracker,14,23,116,0,64,6,0,2,8,13.0,162,1.132867132867133
132,com.google.javascript.jscomp.SimpleFunctionAliasAnalysis,4,2,31,0,12,4,0,1,6,14.5,201,6.931034482758621
133,com.google.javascript.jscomp.CheckMissingGetCssName,6,6,38,1,14,5,0,4,5,14.833333333333334,168,5.6
134,com.google.javascript.jscomp.ErrorPass,1,2,2,1,1,0,0,0,2,7.0,100,100.0
135,com.google.javascript.jscomp.SourceInformationAnnotator,2,2,21,0,18,4,0,0,2,10.0,162,7.714285714285714
136,com.google.javascript.jscomp.MoveFunctionDeclarations,3,2,21,2,12,3,0,1,2,8.666666666666666,158,8.31578947368421
137,com.google.javascript.jscomp.StrictWarningsGuard,2,2,5,0,4,1,0,2,2,8.0,105,21.0
138,com.google.javascript.jscomp.NameReferenceGraphConstruction,27,8,246,1,44,12,0,6,14,18.666666666666668,301,1.2285714285714286
139,com.google.javascript.jscomp.ExportTestFunctions,6,4,56,1,22,9,0,2,5,16.833333333333332,231,6.078947368421052
140,com.google.javascript.jscomp.AstValidator,66,1,450,1,38,3,0,18,2,17.227272727272727,110,0.270935960591133
141,com.google.javascript.jscomp.ChainCalls,6,11,47,1,42,14,0,12,5,8.333333333333334,131,2.2203389830508473
142,com.google.javascript.jscomp.InlineSimpleMethods,16,2,87,0,26,8,0,4,14,15.0625,405,4.939024390243903
143,com.google.javascript.jscomp.MaybeReachingVariableUse,12,3,81,0,46,9,0,7,9,13.25,469,6.090909090909091
144,com.google.javascript.jscomp.PeepholeReplaceKnownMethods,17,2,314,0,78,18,0,13,18,19.352941176470587,287,0.7284263959390863
145,com.google.javascript.jscomp.DevirtualizePrototypeMethods,13,2,151,2,36,11,0,12,11,16.923076923076923,490,3.3333333333333335
146,com.google.javascript.jscomp.TightenTypes,65,41,567,2,87,24,0,6,54,14.461538461538462,1194,2.3503937007874014
147,com.google.javascript.jscomp.CreateSyntheticBlocks,6,10,54,1,27,7,0,7,9,11.166666666666666,185,3.3636363636363638
148,com.google.javascript.jscomp.NodeTraversal,47,14,193,0,17,3,0,3,50,12.51063829787234,821,4.561111111111111
149,com.google.javascript.jscomp.PhaseOptimizer,20,23,77,1,43,10,0,2,20,11.6,396,3.09375
150,com.google.javascript.jscomp.CheckMissingReturn,10,5,50,1,13,4,0,5,8,12.3,229,5.325581395348837
151,com.google.javascript.jscomp.CheckDebuggerStatement,2,2,5,1,3,1,0,0,2,6.0,132,33.0
152,com.google.javascript.jscomp.InlineCostEstimator,9,6,19,0,5,1,0,1,6,9.222222222222221,163,11.642857142857142
153,com.google.javascript.jscomp.IgnoreCajaProperties,2,2,34,1,12,2,0,0,2,6.0,169,13.0
154,com.google.javascript.jscomp.AnonymousFunctionNamingCallback,5,1,33,0,13,5,0,0,6,13.2,189,7.56
155,com.google.javascript.jscomp.AliasStrings,11,22,89,1,29,8,0,3,18,18.636363636363637,544,4.900900900900901
156,com.google.javascript.jscomp.DisambiguateProperties,67,22,396,1,34,11,0,5,49,16.029850746268657,1101,2.653012048192771
157,com.google.javascript.jscomp.CollapseAnonymousFunctions,4,1,39,1,17,4,0,3,2,10.75,134,4.32258064516129
158,com.google.javascript.jscomp.WhitelistWarningsGuard,18,7,82,0,20,6,1,2,19,14.444444444444445,419,5.901408450704225
159,com.google.javascript.jscomp.AstParallelizer,13,10,59,0,18,3,0,4,7,10.307692307692308,342,6.84
160,com.google.javascript.jscomp.DefinitionsRemover,25,9,80,0,24,8,0,8,19,10.72,337,4.376623376623376
161,com.google.javascript.jscomp.OptimizeArgumentsArray,7,7,60,2,35,10,0,4,6,10.571428571428571,219,3.3181818181818183
162,com.google.javascript.jscomp.VariableNameGenerator,1,2,3,0,3,1,0,1,2,14.0,106,35.333333333333336
163,com.google.javascript.jscomp.LinkedFlowScope,19,12,92,1,29,10,0,8,15,12.421052631578947,346,3.0892857142857144
164,com.google.javascript.jscomp.ConstCheck,4,3,37,1,29,8,0,1,5,8.25,138,4.181818181818182
165,com.google.javascript.jscomp.BasicErrorManager,12,8,26,1,40,13,0,13,5,10.916666666666666,219,3.421875
166,com.google.javascript.jscomp.DeadAssignmentsElimination,11,3,146,2,61,16,0,11,6,16.90909090909091,377,2.2574850299401197
167,com.google.javascript.jscomp.Scope,59,16,125,2,9,2,0,3,53,11.101694915254237,894,8.851485148514852
168,com.google.javascript.jscomp.PassFactory,4,2,4,0,1,0,0,1,7,10.0,211,70.33333333333333
169,com.google.javascript.jscomp.Denormalize,6,2,44,2,33,9,0,4,3,11.333333333333334,169,4.121951219512195
170,com.google.javascript.jscomp.ReferenceCollectingCallback,49,18,178,3,13,4,0,4,42,15.142857142857142,792,4.95
171,com.google.javascript.jscomp.NameAnonymousFunctionsMapped,6,10,21,1,10,3,0,2,4,12.333333333333334,217,9.434782608695652
172,com.google.javascript.jscomp.JsMessageVisitor,25,30,238,1,60,13,1,7,28,21.12,1109,4.077205882352941
173,com.google.javascript.jscomp.OptimizeParameters,24,6,156,2,26,8,0,8,14,17.708333333333332,370,1.9473684210526316
174,com.google.javascript.jscomp.CodeConsumer,34,3,101,0,25,7,0,1,12,12.205882352941176,344,3.510204081632653
175,com.google.javascript.jscomp.TypedScopeCreator,55,33,781,1,46,15,0,9,50,16.763636363636362,1608,2.418045112781955
176,com.google.javascript.jscomp.RenameVars,17,26,125,1,40,12,0,6,27,12.705882352941176,478,2.9875
177,com.google.javascript.jscomp.ProcessTweaks,22,30,140,1,44,10,0,4,14,18.227272727272727,388,2.7714285714285714
178,com.google.javascript.jscomp.FunctionInjector,27,12,200,0,30,10,0,6,34,15.962962962962964,870,3.6401673640167362
179,com.google.javascript.jscomp.ControlFlowGraph,8,2,18,0,11,1,0,7,17,17.0,401,19.095238095238095
180,com.google.javascript.jscomp.ExpandJqueryAliases,14,14,267,1,53,15,0,4,7,17.928571428571427,276,1.4300518134715026
181,com.google.javascript.jscomp.ProcessClosurePrimitives,36,34,434,1,53,16,0,5,37,18.194444444444443,673,1.6295399515738498
182,com.google.javascript.jscomp.CheckGlobalThis,4,3,42,1,30,11,0,6,5,13.75,314,6.1568627450980395
183,com.google.javascript.jscomp.WarningsGuard,5,1,5,1,1,0,0,1,6,7.8,384,96.0
184,com.google.javascript.jscomp.FlowSensitiveInlineVariables,18,13,183,2,50,15,0,17,10,8.833333333333334,402,2.1157894736842104
185,com.google.javascript.jscomp.NameAnonymousFunctions,5,6,13,1,4,0,0,1,4,14.2,192,21.333333333333332
186,com.google.javascript.jscomp.SimpleRegion,3,3,3,1,1,0,0,1,2,19.0,94,31.333333333333332
187,com.google.javascript.jscomp.CheckGlobalNames,9,9,87,1,25,9,0,6,6,18.22222222222222,205,2.383720930232558
188,com.google.javascript.jscomp.InvocationsCallback,2,0,10,0,10,3,0,3,3,5.0,148,14.8
189,com.google.javascript.jscomp.AbstractMessageFormatter,6,4,12,1,4,1,0,3,3,13.5,112,10.181818181818182
190,com.google.javascript.jscomp.ExtractPrototypeMemberDeclarations,9,15,64,1,14,4,0,2,10,13.88888888888889,459,9.18
191,com.google.javascript.jscomp.Result,0,13,0,0,0,0,0,0,2,0.0,94,0.0
192,com.google.javascript.jscomp.CodeGenerator,32,8,543,0,409,49,1,4,18,15.0625,402,0.5964391691394659
193,com.google.javascript.jscomp.ReplaceStrings,19,21,137,1,26,7,0,3,18,14.631578947368421,539,4.114503816793893
194,com.google.javascript.jscomp.ShowByPathWarningsGuard,2,2,4,0,1,0,0,1,3,8.0,125,62.5
195,com.google.javascript.jscomp.CollapseProperties,23,8,316,1,42,10,0,2,24,25.304347826086957,1431,4.73841059602649
196,com.google.javascript.jscomp.FunctionArgumentInjector,17,6,145,0,32,8,0,3,15,17.470588235294116,644,4.0
197,com.google.javascript.jscomp.TypeInference,52,17,594,0,69,13,0,3,24,18.826923076923077,755,1.3677536231884058
198,com.google.javascript.jscomp.RemoveUnusedPrototypeProperties,4,5,18,1,22,7,0,3,6,20.0,182,4.136363636363637
199,com.google.javascript.jscomp.RecordFunctionInformation,5,4,45,1,10,2,0,2,6,9.0,197,7.296296296296297
200,com.google.javascript.jscomp.LightweightMessageFormatter,6,2,55,0,31,6,0,4,4,10.833333333333334,148,2.3870967741935485
201,com.google.javascript.jscomp.RemoveUnusedNames,2,3,13,1,9,3,0,0,4,14.5,129,11.727272727272727
202,com.google.javascript.jscomp.CodingConventions,68,2,132,0,20,7,0,5,5,20.794117647058822,173,2.011627906976744
203,com.google.javascript.jscomp.GlobalVarReferenceMap,11,6,72,1,14,3,0,2,10,17.181818181818183,360,5.217391304347826
204,com.google.javascript.jscomp.InlineObjectLiterals,11,4,187,1,44,14,0,8,11,16.363636363636363,325,2.152317880794702
205,com.google.javascript.jscomp.FunctionToBlockMutator,15,3,146,0,23,6,0,2,17,19.933333333333334,480,3.75
206,com.google.javascript.jscomp.Normalize,30,15,282,1,30,8,0,2,22,15.233333333333333,768,3.0
207,com.google.javascript.jscomp.JSError,16,8,35,0,25,8,0,9,22,8.0,464,9.666666666666666
208,com.google.javascript.jscomp.AliasKeywords,30,15,120,1,8,3,0,3,35,17.166666666666668,808,10.1
209,com.google.javascript.jscomp.NodeUtil,167,16,1032,0,61,17,0,42,143,16.023952095808383,3265,3.2104228121927236
210,com.google.javascript.jscomp.SourceMap,15,5,48,0,17,5,1,3,5,11.133333333333333,141,3.710526315789474
211,com.google.javascript.jscomp.InlineProperties,13,6,129,1,29,8,0,3,7,16.53846153846154,219,2.1683168316831685
212,com.google.javascript.jscomp.CompilerOptions,217,170,269,2,15,4,1,4,222,21.027649769585253,2786,9.91459074733096
213,com.google.javascript.jscomp.ReorderConstantExpression,1,0,18,0,11,3,0,1,2,15.0,123,11.181818181818182
214,com.google.javascript.jscomp.GoogleJsMessageIdGenerator,5,1,19,1,73,2,0,1,7,9.6,278,3.0217391304347827
215,com.google.javascript.jscomp.GenerateExports,3,4,57,1,30,8,0,1,4,10.0,147,4.454545454545454
216,com.google.javascript.jscomp.GoogleCodingConvention,7,4,26,0,10,3,0,3,9,13.285714285714286,304,16.0
217,com.google.javascript.jscomp.AliasExternals,25,25,209,1,29,10,0,3,43,14.12,1186,7.751633986928105
218,com.google.javascript.jscomp.CheckSuspiciousCode,5,2,32,0,8,1,0,0,2,12.2,124,6.2
219,com.google.javascript.jscomp.PeepholeRemoveDeadCode,28,0,405,0,66,15,0,12,28,16.75,540,1.2857142857142858
220,com.google.javascript.jscomp.InstrumentFunctions,8,12,89,1,31,8,0,2,8,10.25,468,5.85
221,com.google.javascript.jscomp.MakeDeclaredNamesUnique,40,19,175,1,19,4,0,2,23,14.825,434,2.7468354430379747
222,com.google.javascript.jscomp.ReplaceIdGenerators,16,15,131,1,33,9,0,5,3,13.25,119,0.8439716312056738
223,com.google.javascript.jscomp.CommandLineRunner,17,61,155,0,41,7,2,3,9,14.058823529411764,473,3.0127388535031847
224,com.google.javascript.jscomp.ExternExportsPass,20,13,172,1,16,5,0,5,27,16.75,616,4.562962962962963
225,com.google.javascript.jscomp.SyntacticScopeCreator,8,7,95,1,28,5,0,5,9,15.5,219,2.5764705882352943
226,com.google.javascript.jscomp.ExploitAssigns,6,0,69,0,39,7,0,8,7,16.833333333333332,298,3.725
227,com.google.javascript.jscomp.ClosureCodingConvention,25,4,133,0,28,9,0,7,12,20.88,285,2.0357142857142856
228,com.google.javascript.jscomp.DependencyOptions,9,5,11,1,3,0,0,1,7,18.22222222222222,442,31.571428571428573
229,com.google.javascript.jscomp.TypeValidator,36,20,269,0,30,10,0,5,28,16.583333333333332,1171,5.657004830917875
230,com.google.javascript.jscomp.SimpleDefinitionFinder,16,5,148,2,44,17,0,5,11,16.6875,331,1.9939759036144578
231,com.google.javascript.jscomp.JsAst,6,6,27,1,12,1,0,1,2,9.833333333333334,100,4.3478260869565215
232,com.google.javascript.jscomp.RenameProperties,14,20,158,1,42,11,0,3,21,12.642857142857142,685,3.8055555555555554
233,com.google.javascript.jscomp.ant.Warning,4,2,4,0,1,0,0,1,2,8.0,100,25.0
234,com.google.javascript.jscomp.ant.AntErrorManager,2,2,13,0,6,1,0,0,2,9.5,106,10.6
235,com.google.javascript.jscomp.ant.CompileTask,35,20,150,0,24,5,0,1,30,15.114285714285714,480,2.6815642458100557
236,com.google.javascript.jscomp.jsonml.SecureCompiler,10,10,31,0,14,3,0,2,7,12.2,260,6.190476190476191
237,com.google.javascript.jscomp.jsonml.Writer,40,0,358,0,155,4,0,2,5,13.625,182,0.441747572815534
238,com.google.javascript.jscomp.jsonml.Validator,50,7,203,0,80,4,0,1,4,16.9,193,0.8502202643171806
239,com.google.javascript.jscomp.jsonml.JsonMLAst,9,8,25,1,17,4,0,3,7,12.11111111111111,218,5.317073170731708
240,com.google.javascript.jscomp.jsonml.Reader,89,12,501,0,107,6,1,4,39,16.685393258426966,719,1.2978339350180506
241,com.google.javascript.jscomp.jsonml.JsonMLUtil,11,5,61,0,28,8,1,6,9,11.818181818181818,324,3.4468085106382977
242,com.google.javascript.jscomp.jsonml.JsonML,22,3,77,0,34,7,1,1,23,11.272727272727273,441,5.95945945945946
243,com.google.javascript.jscomp.jsonml.JsonMLException,0,1,0,0,0,0,0,0,2,0.0,107,0.0
244,com.google.javascript.jscomp.jsonml.NodeUtil,4,0,17,0,4,0,0,2,6,16.75,186,26.571428571428573
245,com.google.javascript.jscomp.jsonml.JsonMLError,2,5,5,0,1,0,0,1,7,4.0,127,63.5
246,com.google.javascript.jscomp.graph.LinkedDirectedGraph,66,13,176,1,11,4,0,3,10,13.045454545454545,217,1.7222222222222223
247,com.google.javascript.jscomp.graph.DiGraph,21,0,25,0,1,0,0,1,10,16.19047619047619,280,140.0
248,com.google.javascript.jscomp.graph.GraphReachability,3,6,20,1,7,2,0,2,4,9.333333333333334,168,12.923076923076923
249,com.google.javascript.jscomp.graph.FixedPointGraphTraversal,5,2,32,0,12,4,0,1,8,15.0,295,15.526315789473685
250,com.google.javascript.jscomp.graph.Graph,29,7,62,1,6,2,0,2,30,12.862068965517242,798,19.0
251,com.google.javascript.jscomp.graph.GraphPruner,2,1,39,0,23,9,0,1,2,7.5,181,5.838709677419355
252,com.google.javascript.jscomp.graph.LinkedUndirectedGraph,53,11,138,1,14,5,0,4,6,12.50943396226415,162,1.3728813559322033
253,com.google.javascript.jscomp.graph.UndiGraph,6,0,6,0,0,0,0,0,5,22.166666666666668,171,0.0
254,com.google.javascript.jscomp.graph.StandardUnionFind,13,7,63,2,14,3,0,7,13,8.76923076923077,349,5.453125
255,com.google.javascript.jscomp.graph.GraphColoring,7,4,39,0,15,3,0,2,6,8.571428571428571,306,10.2
256,com.google.javascript.jscomp.regex.CharRanges,18,3,48,0,48,11,0,4,6,8.61111111111111,288,1.352112676056338
257,com.google.javascript.jscomp.regex.RegExpTree,123,35,611,0,241,43,0,31,25,12.1869918699187,432,0.4071630537229029
258,com.google.javascript.jscomp.regex.CaseCanonicalize,4,6,31,0,11,4,0,3,9,16.25,594,16.5
259,com.google.javascript.jscomp.testing.TestErrorReporter,5,4,9,1,5,1,0,1,4,14.4,145,11.153846153846153
260,com.google.javascript.jscomp.testing.SimpleSourceExcerptProvider,2,1,4,1,1,0,0,1,2,14.0,105,52.5
261,com.google.javascript.jscomp.webservice.common.Protocol,20,12,33,0,5,1,0,1,16,10.55,322,12.384615384615385
262,com.google.javascript.jscomp.webservice.common.AbstractWebServiceException,3,0,7,0,1,0,0,1,2,12.333333333333334,107,107.0
263,com.google.javascript.jscomp.type.ClosureReverseAbstractInterpreter,20,7,66,0,10,4,0,2,8,11.1,150,2.830188679245283
264,com.google.javascript.jscomp.type.SemanticReverseAbstractInterpreter,25,7,173,0,73,15,0,22,13,14.52,345,1.5972222222222223
265,com.google.javascript.jscomp.type.ChainableReverseAbstractInterpreter,76,8,187,1,22,6,0,6,25,15.486842105263158,742,4.552147239263804
266,com.google.javascript.jscomp.deps.JsFileParser,5,8,30,0,24,7,1,2,12,11.2,337,9.628571428571428
267,com.google.javascript.jscomp.deps.DepsGenerator,20,12,133,0,19,7,1,3,14,18.25,429,3.9357798165137616
268,com.google.javascript.jscomp.deps.JsFileLineParser,7,11,50,0,46,10,1,1,23,12.0,407,5.5
269,com.google.javascript.jscomp.deps.JsFunctionParser,4,7,23,0,14,4,1,1,10,9.75,209,8.36
270,com.google.javascript.jscomp.deps.PathUtil,6,2,48,0,18,6,0,4,8,13.5,516,11.217391304347826
271,com.google.javascript.jscomp.deps.SimpleDependencyInfo,6,4,13,1,4,1,0,2,7,11.833333333333334,201,22.333333333333332
272,com.google.javascript.jscomp.deps.DepsFileParser,4,5,26,0,15,4,1,1,12,10.5,334,15.904761904761905
273,com.google.javascript.jscomp.deps.SortedDependencies,12,4,89,0,24,7,1,3,8,16.833333333333332,312,4.457142857142857
274,com.google.javascript.jscomp.parsing.JsDocInfoParser,62,20,832,0,463,96,0,18,55,18.080645161290324,1179,1.0806599450045828
275,com.google.javascript.jscomp.parsing.ParserRunner,7,6,43,0,20,1,1,1,3,12.142857142857142,132,3.142857142857143
276,com.google.javascript.jscomp.parsing.JsDocTokenStream,20,19,73,0,92,15,0,23,8,11.35,200,0.8658008658008658
277,com.google.javascript.jscomp.parsing.TypeSafeDispatcher,44,0,100,0,67,8,0,42,2,19.204545454545453,143,2.1343283582089554
278,com.google.javascript.jscomp.parsing.IRFactory,85,19,618,0,88,9,0,86,9,17.564705882352943,951,1.835907335907336
279,com.google.javascript.jscomp.parsing.Config,1,6,6,0,7,2,0,1,10,20.0,170,24.285714285714285
280,com.google.javascript.jscomp.parsing.NullErrorReporter,7,0,7,0,1,0,0,1,2,8.285714285714286,103,20.6
